<application>
  <component name="ProjectManager">
    <defaultProject>
      <component name="PropertiesComponent"><![CDATA[{
  "keyToString": {
    "settings.editor.selected.configurable": "web.server"
  }
}]]></component>
      <component name="WindowStateProjectService">
        <state x="166" y="93" key="#SSH_Configurations" timestamp="1696328310969">
          <screen x="0" y="0" width="1920" height="1040" />
        </state>
        <state x="166" y="93" key="#SSH_Configurations/0.0.1920.1040" timestamp="1696328310969" />
        <state x="461" y="87" key="SettingsEditor" timestamp="1696328417027">
          <screen x="0" y="0" width="1920" height="1040" />
        </state>
        <state x="461" y="87" key="SettingsEditor/0.0.1920.1040" timestamp="1696328417027" />
      </component>
    </defaultProject>
  </component>
</application>