<application>
  <component name="WebServers">
    <option name="servers">
      <webServer id="ce89e3c2-ce72-43fb-937b-948a3375d6a3" name="webprogramming" url="https://s5522735.bucomputing.uk">
        <fileTransfer accessType="SFTP" host="sftp.bucomputing.uk" port="22" sshConfigId="b07395d3-d00c-4f61-8a94-0d5eba53b190" sshConfig="s5522735@sftp.bucomputing.uk:22 password">
          <advancedOptions>
            <advancedOptions dataProtectionLevel="Private" keepAliveTimeout="0" passiveMode="true" shareSSLContext="true" />
          </advancedOptions>
        </fileTransfer>
      </webServer>
    </option>
  </component>
</application>